{
  "accuracy": 0.6583333333333333,
  "classification_report": {
    "0": {
      "precision": 0.6929824561403509,
      "recall": 0.626984126984127,
      "f1-score": 0.6583333333333333,
      "support": 126
    },
    "1": {
      "precision": 0.626984126984127,
      "recall": 0.6929824561403509,
      "f1-score": 0.6583333333333333,
      "support": 114
    },
    "accuracy": 0.6583333333333333,
    "macro avg": {
      "precision": 0.659983291562239,
      "recall": 0.659983291562239,
      "f1-score": 0.6583333333333333,
      "support": 240
    },
    "weighted avg": {
      "precision": 0.6616332497911446,
      "recall": 0.6583333333333333,
      "f1-score": 0.6583333333333333,
      "support": 240
    }
  }
}